year,mass,mission,organisation,description_verbatim,failure_severity,never_heard_from,failure_inferred_only_from_absence_of_publications,source,source_type
2000,.5 kg,Artemis Picosats: Thelma - 0.5 kg,"Louise - 0.5 kg, and JAK - 0.2 kg Santa Clara University, USA","Launched from OPAL mother satellite, but no signals received for any of these satellites.",Unknown (table column lost in PDF extraction),Yes,No,https://ntrs.nasa.gov/api/citations/20190002705/downloads/20190002705.pdf,Primary (NASA Technical Memorandum)
2000,5.9 kg,ASUSat-1 Arizona State University A problem with the power system prevented solar arrays from charging the batteries,Unknown,Satellite lost power 15 hours after deployment in orbit.,Unknown (table column lost in PDF extraction),No,No,https://ntrs.nasa.gov/api/citations/20190002705/downloads/20190002705.pdf,Primary (NASA Technical Memorandum)
2000,52 kg,FalconSat-1 US Air Force Academy,Unknown,The FalconSat-1 spacecraft failed on-orbit soon after deployment because the power system was unable to charge the batteries.,Unknown (table column lost in PDF extraction),No,No,https://ntrs.nasa.gov/api/citations/20190002705/downloads/20190002705.pdf,Primary (NASA Technical Memorandum)
2000,0.24 kg,StenSat,Unknown,Launched from OPAL satellite. Successfully released from OPAL but no signals were received.,Unknown (table column lost in PDF extraction),Yes,No,https://ntrs.nasa.gov/api/citations/20190002705/downloads/20190002705.pdf,Primary (NASA Technical Memorandum)
2000,12 kg,UniSat-1 University of Rome,Unknown,"Presumed mission failure. Many papers written in years preceding launch, but no papers or articles were written post launch.",Unknown (table column lost in PDF extraction),No,Yes,https://ntrs.nasa.gov/api/citations/20190002705/downloads/20190002705.pdf,Primary (NASA Technical Memorandum)
2001,92 kg,BIRD DLR,Unknown,"Failure of 3 of 4 reaction wheels occurred, plus failure of the gyroscope. New control software was uploaded to use magnetic torque coil control as a back-up to enable the mission to continue with suboptimal direction control. Solar panels not always aligned to sun, leading to incomplete charging of power system.",Unknown (table column lost in PDF extraction),No,No,https://ntrs.nasa.gov/api/citations/20190002705/downloads/20190002705.pdf,Primary (NASA Technical Memorandum)
2001,20.5 kg,Kolibri-2000 Moscow State University and Australia Knox and Ravenswood Schools,Unknown,Successfully launched into orbit and contact maintained with ground station for 711 Earth orbits. Carried a fluxgate magnetometer and particle analyzer but insufficient amount of data collected to be useful for analysis.,Unknown (table column lost in PDF extraction),No,No,https://ntrs.nasa.gov/api/citations/20190002705/downloads/20190002705.pdf,Primary (NASA Technical Memorandum)
2001,47 kg,Maroc-Tubsat CRTS,TU-Berlin,"Satellite reported to operate nominally, yet frequently in hibernation mode.",Unknown (table column lost in PDF extraction),No,No,https://ntrs.nasa.gov/api/citations/20190002705/downloads/20190002705.pdf,Primary (NASA Technical Memorandum)
2001,250 kg,Odin Space agencies of Sweden,"Canada, France, and Finland a","Odin Space agencies of Sweden, Canada, France, and Finland as partners Odin lost control of one reaction wheel mid-mission, but a redundant wheel allowed mission to continue without loss of performance.",Unknown (table column lost in PDF extraction),No,No,https://ntrs.nasa.gov/api/citations/20190002705/downloads/20190002705.pdf,Primary (NASA Technical Memorandum)
2001,52 kg,SimpleSat NASA Goddard,Unknown,"After deployment, no contact could be established. Suspected transmitter failure.",Unknown (table column lost in PDF extraction),Yes,No,https://ntrs.nasa.gov/api/citations/20190002705/downloads/20190002705.pdf,Primary (NASA Technical Memorandum)
2002,89 kg,DASH ISAS & NASDA,Japan,Satellite likely did not separate from main satellite after launch. No was contact established.,Unknown (table column lost in PDF extraction),No,No,https://ntrs.nasa.gov/api/citations/20190002705/downloads/20190002705.pdf,Primary (NASA Technical Memorandum)
2002,1.5 kg,MEPSI 1A and 1B,Unknown,"The Aerospace Corporation Successful launched tethered pair of satellites from ISS, but presumed mission failure as no papers or articles were written post launch.",Unknown (table column lost in PDF extraction),No,Yes,https://ntrs.nasa.gov/api/citations/20190002705/downloads/20190002705.pdf,Primary (NASA Technical Memorandum)
2002,12 kg,UniSat-2 University of Rome,Unknown,"Presumed mission failure. Many papers written in years preceding launch, but no papers or articles were written post launch.",Unknown (table column lost in PDF extraction),No,Yes,https://ntrs.nasa.gov/api/citations/20190002705/downloads/20190002705.pdf,Primary (NASA Technical Memorandum)
2002,33 kg,VEP 3 NASDA,Japan Did not deploy a small satellite it carri,"VEP 3 NASDA, Japan Did not deploy a small satellite it carried.",Unknown (table column lost in PDF extraction),No,No,https://ntrs.nasa.gov/api/citations/20190002705/downloads/20190002705.pdf,Primary (NASA Technical Memorandum)
2003,1 kg,AAU-CubeSat-1 Aalborg University,Denmark,"Satellite deployed into orbit, but no signals were received.",Unknown (table column lost in PDF extraction),Yes,No,https://ntrs.nasa.gov/api/citations/20190002705/downloads/20190002705.pdf,Primary (NASA Technical Memorandum)
2003,1 kg,CanX-1 University of Toronto,Canada,"Satellite deployed into orbit, but no signals were received.",Unknown (table column lost in PDF extraction),Yes,No,https://ntrs.nasa.gov/api/citations/20190002705/downloads/20190002705.pdf,Primary (NASA Technical Memorandum)
2003,1U,DTUSat 1 Denmark Technical University,Unknown,"Successfully launched, but two-way contact with the satellite was never established.",Unknown (table column lost in PDF extraction),Yes,No,https://ntrs.nasa.gov/api/citations/20190002705/downloads/20190002705.pdf,Primary (NASA Technical Memorandum)
2003,66 kg,MIMOSA Academy of Sciences of the Czech Republic,Unknown,Never became fully functional due to accelerometer proof mass being able to move freely in only two axes.,Unknown (table column lost in PDF extraction),No,No,https://ntrs.nasa.gov/api/citations/20190002705/downloads/20190002705.pdf,Primary (NASA Technical Memorandum)
2003,3U,QuakeSat,"3U CubeSat, Stanford University","6 months into launch, both batteries were lost, allowing the mission to continue on solar power only. Loss of batteries thought due to high battery temperatures (120 degrees Fahrenheit) which may have caused the electrolyte to bake out since the batteries were not sealed beyond the normal factory packaging.",Unknown (table column lost in PDF extraction),No,No,https://ntrs.nasa.gov/api/citations/20190002705/downloads/20190002705.pdf,Primary (NASA Technical Memorandum)
2003,1 kg,XI-4 University of Tokyo,Unknown,"Presumed mission failure. Many papers written in years preceding launch, but no papers or articles were written post launch.",Unknown (table column lost in PDF extraction),No,Yes,https://ntrs.nasa.gov/api/citations/20190002705/downloads/20190002705.pdf,Primary (NASA Technical Memorandum)
2004,12 kg,UniSat-3 University of Rome Magnetometer had a z-axis failur,Unknown,UniSat-3 University of Rome Magnetometer had a z-axis failure the first year in orbit.,Unknown (table column lost in PDF extraction),No,No,https://ntrs.nasa.gov/api/citations/20190002705/downloads/20190002705.pdf,Primary (NASA Technical Memorandum)
2005,360 kg,DART NASA – Orbital Sciences Corporation Objective to rendez,Unknown,"DART NASA – Orbital Sciences Corporation Objective to rendezvous with target satellite was successful, but DART actually hit the satellite and then placed itself in retirement phase before completing all mission operations.",Unknown (table column lost in PDF extraction),No,No,https://ntrs.nasa.gov/api/citations/20190002705/downloads/20190002705.pdf,Primary (NASA Technical Memorandum)
2005,50 kg,(est.) Mozhayets 5 Mozhaisky military academy,Unknown,Failed to separate from launch vehicle.,Unknown (table column lost in PDF extraction),No,No,https://ntrs.nasa.gov/api/citations/20190002705/downloads/20190002705.pdf,Primary (NASA Technical Memorandum)
2005,1 kg,Ncube 2 Norwegian Student,Unknown,"Satellite Project Launched on the SSETI- Express satellite, but was most likely not deployed.",Unknown (table column lost in PDF extraction),No,No,https://ntrs.nasa.gov/api/citations/20190002705/downloads/20190002705.pdf,Primary (NASA Technical Memorandum)
2005,1U,UWE-1 University of Würzburg and Fachhochschule Weingarten,Unknown,"UWE-1 University of Würzburg and Fachhochschule Weingarten, Germany Successful mission at first, but contact with satellite lost after two weeks.",Unknown (table column lost in PDF extraction),No,No,https://ntrs.nasa.gov/api/citations/20190002705/downloads/20190002705.pdf,Primary (NASA Technical Memorandum)
2005,1 kg,XI-5,Unknown,"Presumed mission failure. Many papers written in years University of Tokyo preceding launch, but no papers or articles were written post launch.",Unknown (table column lost in PDF extraction),No,Yes,https://ntrs.nasa.gov/api/citations/20190002705/downloads/20190002705.pdf,Primary (NASA Technical Memorandum)
2006,85 kg,COMPASS-2 Russian Academy of Sciences Note: COMPASS-2 launched before COMPASS-1 because two satellite makers chose the same acronym,Unknown,"The COMPASS-2 spacecraft lost communication after launch due to a stabilization problem. The spacecraft did not respond to ground commands for six months. Although communications with the satellite were restored, a failure with the power system allowed only a very limited amount of data to be transmitted.",Unknown (table column lost in PDF extraction),No,No,https://ntrs.nasa.gov/api/citations/20190002705/downloads/20190002705.pdf,Primary (NASA Technical Memorandum)
2007,1 kg,AeroCube-2,Unknown,"The Aerospace Corporation Almost immediate failure after launch due to failure of solar power system. However, the camera was able to take the first picture of another satellite.",Unknown (table column lost in PDF extraction),No,No,https://ntrs.nasa.gov/api/citations/20190002705/downloads/20190002705.pdf,Primary (NASA Technical Memorandum)
2007,1 kg,CAPE 1 University of Louisiana,Unknown,"Presumed mission failure. Many papers written in years preceding launch, but no papers or articles were written post launch.",Unknown (table column lost in PDF extraction),No,Yes,https://ntrs.nasa.gov/api/citations/20190002705/downloads/20190002705.pdf,Primary (NASA Technical Memorandum)
2007,163 kg,CFESat Los Alamos National Laboratory Overall,a successful,"CFESat Los Alamos National Laboratory Overall, a successful mission, but there were some problems. Only one of three antennae masts inflated correctly. Attitude instability and underperformance of power system. Numerous computer crashes loss of attitude control allowed camera to operate only in daylight.",Unknown (table column lost in PDF extraction),No,No,https://ntrs.nasa.gov/api/citations/20190002705/downloads/20190002705.pdf,Primary (NASA Technical Memorandum)
2007,1 kg,CP3 Cal Poly Picosatellite Project,Unknown,"Satellite deployed into orbit, but no signals were received.",Unknown (table column lost in PDF extraction),Yes,No,https://ntrs.nasa.gov/api/citations/20190002705/downloads/20190002705.pdf,Primary (NASA Technical Memorandum)
2007,160 kg,EgyptSat 1,Unknown,"After 3 years of successful operation, the S-band control communication link was lost, National Authority for Remote Sensing and Space Sciences, Egypt ending operations of a planned 5-year mission.",Unknown (table column lost in PDF extraction),No,No,https://ntrs.nasa.gov/api/citations/20190002705/downloads/20190002705.pdf,Primary (NASA Technical Memorandum)
2007,1U,Libertad 1 Universidad Sergio Arboleda,Columbia,"Satellite deployed into orbit, but no signals were received.",Unknown (table column lost in PDF extraction),Yes,No,https://ntrs.nasa.gov/api/citations/20190002705/downloads/20190002705.pdf,Primary (NASA Technical Memorandum)
2007,1U,"x 3 MAST Tethers Unlimited and Stanford University Sought to deploy a 1,000 m tether",but deployed only 1 m before “Ted” satellite lost battery power,Communication with only one satellite was achieved.,Unknown (table column lost in PDF extraction),No,No,https://ntrs.nasa.gov/api/citations/20190002705/downloads/20190002705.pdf,Primary (NASA Technical Memorandum)
2008,1 kg,AAU-CubeSat-2 Aalborg University,Denmark Operating system m,"AAU-CubeSat-2 Aalborg University, Denmark Operating system malfunction. Rebooted 10-14 times daily caused by timing errors on the bus. Flight plan erased and de-tumbling inactivated with every reboot. Some data received showing tumbling above 2 Hz.",Unknown (table column lost in PDF extraction),No,No,https://ntrs.nasa.gov/api/citations/20190002705/downloads/20190002705.pdf,Primary (NASA Technical Memorandum)
2008,1 kg,COMPASS-1 University of Applied Science at Aachen,Germany,"COMPASS-1 University of Applied Science at Aachen, Germany. Initial problems with signal transmission and reception. Hard reset put satellite into emergency mode for several days, causing heater to fail. Images from camera of poor quality due to faulty exposure. GPS receiver failure due to improper antenna installation.",Unknown (table column lost in PDF extraction),No,No,https://ntrs.nasa.gov/api/citations/20190002705/downloads/20190002705.pdf,Primary (NASA Technical Memorandum)
2008,2 kg,CUTE-1.7+APD Tokyo Tech Engineering,Unknown,Satellite Failures in the communication system after launch made it impossible to conduct any experiments. A single event latch-up (SEL) is suspected as the cause.,Unknown (table column lost in PDF extraction),No,No,https://ntrs.nasa.gov/api/citations/20190002705/downloads/20190002705.pdf,Primary (NASA Technical Memorandum)
2008,3 kg,Delfi-C3 Delft University of Technology,Unknown,"The Netherlands. The radio transponder failed after 9 months. One of two sun sensors failed, but one was enough for mission success. The CDHS design has an inherent flaw that often prevented data transmission on the bus, leading to either insertion of zero’s in the telemetry data, arbitrary switch off of subsystems, a reset of the computer or even a fall back to a very limited back-up mode.",Unknown (table column lost in PDF extraction),No,No,https://ntrs.nasa.gov/api/citations/20190002705/downloads/20190002705.pdf,Primary (NASA Technical Memorandum)
2008,115 kg,Orbcomm 1-5 (5 satellites) OHB-System,"PO Polyot, and Orbita","Orbcomm 1-5 (5 satellites) OHB-System, PO Polyot, and Orbital Sciences Corp All satellites had problems with their reaction wheels. Some had initial problems with on-board computer software. Eventually, all satellites failed.",Unknown (table column lost in PDF extraction),No,No,https://ntrs.nasa.gov/api/citations/20190002705/downloads/20190002705.pdf,Primary (NASA Technical Memorandum)
2008,6.5 kg,PSSCT,Unknown,The Aerospace Corporation Loss of spin stabilization caused by eddy currents in aluminum hull prevented desired solar cell performance data to be obtained.,Unknown (table column lost in PDF extraction),No,No,https://ntrs.nasa.gov/api/citations/20190002705/downloads/20190002705.pdf,Primary (NASA Technical Memorandum)
2009,1 kg,AeroCube-3,Unknown,"The Aerospace Corporation After 205 days on orbit, the satellite radio could not acknowledge that the ground station was talking to it and could not accept commands. A balloon meant to test as de- orbiting device was ejected but did not inflate.",Unknown (table column lost in PDF extraction),No,No,https://ntrs.nasa.gov/api/citations/20190002705/downloads/20190002705.pdf,Primary (NASA Technical Memorandum)
2009,3.5 kg,AggieSat 2 Texas A&M University,Unknown,"Launched from shuttle, but failed to separate from BEVO 1 satellite.",Unknown (table column lost in PDF extraction),No,No,https://ntrs.nasa.gov/api/citations/20190002705/downloads/20190002705.pdf,Primary (NASA Technical Memorandum)
2009,50 kg,ANDE 2 (AA,"PA) NASA, JSC Although the two satellites were s","ANDE 2 (AA, PA) NASA, JSC Although the two satellites were successfully placed into orbit and temperature measurements were obtained, no papers reporting results of planned density of LEO atmosphere have been published.",Unknown (table column lost in PDF extraction),No,No,https://ntrs.nasa.gov/api/citations/20190002705/downloads/20190002705.pdf,Primary (NASA Technical Memorandum)
2009,3.5 kg,BEVO 1 Texas A&M University,Unknown,"Launched from shuttle, but failed to separate from AggieSat 2 satellite.",Unknown (table column lost in PDF extraction),No,No,https://ntrs.nasa.gov/api/citations/20190002705/downloads/20190002705.pdf,Primary (NASA Technical Memorandum)
2009,6 kg,BLITS Hit by debris from Chinese missile test. Federal State,Unknown,"BLITS Hit by debris from Chinese missile test. Federal State Unitary Enterprise - Institute for Precision Engineering, R&D center, Moscow, Russia",Unknown (table column lost in PDF extraction),No,No,https://ntrs.nasa.gov/api/citations/20190002705/downloads/20190002705.pdf,Primary (NASA Technical Memorandum)
2009,1 kg,CP 6 Cal Poly Picosatellite Project,Unknown,"Presumed mission failure. Many papers written in years preceding launch, but no papers or articles were written post launch.",Unknown (table column lost in PDF extraction),No,Yes,https://ntrs.nasa.gov/api/citations/20190002705/downloads/20190002705.pdf,Primary (NASA Technical Memorandum)
2009,1U,HawkSat 1 Hawk Institute for Space Sciences (HISS),Unknown,"Satellite deployed into orbit, but no signals were received.",Unknown (table column lost in PDF extraction),Yes,No,https://ntrs.nasa.gov/api/citations/20190002705/downloads/20190002705.pdf,Primary (NASA Technical Memorandum)
2009,1U,ITÜ-pSat 1 Istanbul Technical University (ITÜ),Unknown,"Satellite deployed into orbit, but on-board modem failed after launch. Therefore only beacon signal could be sent. No data received from on- board camera.",Unknown (table column lost in PDF extraction),No,No,https://ntrs.nasa.gov/api/citations/20190002705/downloads/20190002705.pdf,Primary (NASA Technical Memorandum)
2009,20 kg,Kagayaki (SORUNSAT 1) Sorun Corporation,Japan,"Satellite deployed into orbit, but no signals were received.",Unknown (table column lost in PDF extraction),Yes,No,https://ntrs.nasa.gov/api/citations/20190002705/downloads/20190002705.pdf,Primary (NASA Technical Memorandum)
2009,3 kg,KKS 1 Tokyo Metropolitan College of Industrial Technology La,Unknown,KKS 1 Tokyo Metropolitan College of Industrial Technology Laser ignition of microthrusters could not be executed due to undisclosed problems with the satellite.,Unknown (table column lost in PDF extraction),No,No,https://ntrs.nasa.gov/api/citations/20190002705/downloads/20190002705.pdf,Primary (NASA Technical Memorandum)
2009,100 kg,SDS-1 JAXA All objectives of the mission were demonstrated,Unknown,"SDS-1 JAXA All objectives of the mission were demonstrated, but radio frequency interference in critical phases caused some loss of satellite control.",Unknown (table column lost in PDF extraction),No,No,https://ntrs.nasa.gov/api/citations/20190002705/downloads/20190002705.pdf,Primary (NASA Technical Memorandum)
2009,50 kg,SpriteSat (Rising) Tohoku University of Sendai,Japan Several problems prevented operation,"The battery charging system allowed the temperature of the battery to reach critical levels. The boom obscured the solar panels causing temporary low voltages, which in turn caused the main controller logic to malfunction. The uplink radio and the signal modulation to the downlink radio were disabled as a result.",Unknown (table column lost in PDF extraction),No,No,https://ntrs.nasa.gov/api/citations/20190002705/downloads/20190002705.pdf,Primary (NASA Technical Memorandum)
2009,4.2 kg,3.8 kg STARS 1 Kagawa University and Takamatsu National Coll,Unknown,"3.8 kg STARS 1 Kagawa University and Takamatsu National College of Technology, Japan. Deployment of tether between mother and daughter satellites of only 20 cm of possible 350 m.",Unknown (table column lost in PDF extraction),No,No,https://ntrs.nasa.gov/api/citations/20190002705/downloads/20190002705.pdf,Primary (NASA Technical Memorandum)
2009,160 kg,Sterkh 1 and 2 PO Polyot,Russia Sterkh 1 suffered a failure,"Sterkh 1 and 2 PO Polyot, Russia Sterkh 1 suffered a failure of the flight control system that prevented it from aligning the solar cells. Sterkh 2 suffered a deployment failure of its stabilization boom.",Unknown (table column lost in PDF extraction),No,No,https://ntrs.nasa.gov/api/citations/20190002705/downloads/20190002705.pdf,Primary (NASA Technical Memorandum)
2009,82 kg,SumbandilaSat University of Stellenbosch,South Africa,"The satellite suffered a permanent loss of the Z-axis reaction wheel early during commissioning. However, the control algorithms were adapted to allow for controlled imaging with the remaining two wheels. Also, due to a power system anomaly, one of the two, three-color CCD control boards was lost. After 22 months of operation, SumbandilaSat stopped working due to a solar storm.",Unknown (table column lost in PDF extraction),No,No,https://ntrs.nasa.gov/api/citations/20190002705/downloads/20190002705.pdf,Primary (NASA Technical Memorandum)
2009,1U,SwissCube Swiss Federal Institute of Technology,Sweden Over,"SwissCube Swiss Federal Institute of Technology, Sweden Over time, the computer data bus hung, but it was possible to reset the system by draining the batteries, this allowing the mission to continue.",Unknown (table column lost in PDF extraction),No,No,https://ntrs.nasa.gov/api/citations/20190002705/downloads/20190002705.pdf,Primary (NASA Technical Memorandum)
2009,30 kg,Tatiana-2 National Cheng Kung University,"Taiwan, and Moscow State University, Russia Ceased operation after",3 months of successful operation due to failure of attitude control system.,Unknown (table column lost in PDF extraction),No,No,https://ntrs.nasa.gov/api/citations/20190002705/downloads/20190002705.pdf,Primary (NASA Technical Memorandum)
2009,35 kg,UGATUSAT Ufimskiy Gosudarstvenniy Aviatsionniy Tekhnicheskiy Universitet,Unknown,"Presumed mission failure. Many papers written in years preceding launch, but no papers or articles were written post launch.",Unknown (table column lost in PDF extraction),No,Yes,https://ntrs.nasa.gov/api/citations/20190002705/downloads/20190002705.pdf,Primary (NASA Technical Memorandum)
2009,98 kg,Universitetsky 2,Unknown,"After three months of successful operation, an attitude control problem Moscow State University ended the intended 1-year mission. Still, a successful mission overall.",Unknown (table column lost in PDF extraction),No,No,https://ntrs.nasa.gov/api/citations/20190002705/downloads/20190002705.pdf,Primary (NASA Technical Memorandum)
2009,1U,UWE-2 University of Würzburg and Fachhochschule Weingarten,Germany,"Satellite deployed into orbit, but no signals were received.",Unknown (table column lost in PDF extraction),Yes,No,https://ntrs.nasa.gov/api/citations/20190002705/downloads/20190002705.pdf,Primary (NASA Technical Memorandum)
2010,1.2 kg,Waseda-SAT2 Waseda University,Japan,Contact with the satellite was not established after launch.,Unknown (table column lost in PDF extraction),No,No,https://ntrs.nasa.gov/api/citations/20190002705/downloads/20190002705.pdf,Primary (NASA Technical Memorandum)
2010,3U,Colony-1 NRO Mission life only,Unknown,30 days due to deployment in lower orbit than planned.,Unknown (table column lost in PDF extraction),No,No,https://ntrs.nasa.gov/api/citations/20190002705/downloads/20190002705.pdf,Primary (NASA Technical Memorandum)
2010,180 kg,FalconSat-5 US Air Force Academy Mission could not be comple,Unknown,FalconSat-5 US Air Force Academy Mission could not be completed due to failure of electrical power system.,Unknown (table column lost in PDF extraction),No,No,https://ntrs.nasa.gov/api/citations/20190002705/downloads/20190002705.pdf,Primary (NASA Technical Memorandum)
2010,15 kg,FASTRAC 1 and 2 University of Texas,Unknown,"The two satellites were commanded to separate on March 14, but did not separate until March 21. Relative navigation objective not achieved due to failure of a microcontroller on one satellite. Otherwise, a successful mission.",Unknown (table column lost in PDF extraction),No,No,https://ntrs.nasa.gov/api/citations/20190002705/downloads/20190002705.pdf,Primary (NASA Technical Memorandum)
2010,1.5 kg,Hayato Kagoshima University,Japan,"Satellite deployed into orbit, but no signals were received.",Unknown (table column lost in PDF extraction),Yes,No,https://ntrs.nasa.gov/api/citations/20190002705/downloads/20190002705.pdf,Primary (NASA Technical Memorandum)
2010,1U,KSAT Kagoshima University,Japan,Contact with the satellite was not established after launch.,Unknown (table column lost in PDF extraction),No,No,https://ntrs.nasa.gov/api/citations/20190002705/downloads/20190002705.pdf,Primary (NASA Technical Memorandum)
2010,3U,Mayflower-Caerus Northrop Grumman and the University of Southern California,Unknown,"Satellite deployed into orbit, but no signals were received.",Unknown (table column lost in PDF extraction),Yes,No,https://ntrs.nasa.gov/api/citations/20190002705/downloads/20190002705.pdf,Primary (NASA Technical Memorandum)
2010,1 kg,Negai-Star Soka University,Unknown,The mission was to make the satellite into a visible shooting star. No reports of anyone seeing this shooting star were reported.,Unknown (table column lost in PDF extraction),No,No,https://ntrs.nasa.gov/api/citations/20190002705/downloads/20190002705.pdf,Primary (NASA Technical Memorandum)
2010,480 kg,Planet C JAXA,Unknown,"Satellite failed to enter orbit around Venus the first attempt due to engine fuel problems. Attempts to enter in 2015 using RCS thrusters was successful, but orbit not optimal.",Unknown (table column lost in PDF extraction),No,No,https://ntrs.nasa.gov/api/citations/20190002705/downloads/20190002705.pdf,Primary (NASA Technical Memorandum)
2010,3 kg,RAX-1 University of Michigan,Unknown,The RAX-1 electrical power system created electro- magnetic interference at the same frequency as the UHF communication when the solar panels were illuminated. The mission ended prematurely after more than 60 days of operation due to the problem with the solar panels.,Unknown (table column lost in PDF extraction),No,No,https://ntrs.nasa.gov/api/citations/20190002705/downloads/20190002705.pdf,Primary (NASA Technical Memorandum)
2010,1 kg,STUDSat Indian Engineering Colleges of Hyderabad and Bangalore,Unknown,"Successfully deployed into orbit, but no signals were received.",Unknown (table column lost in PDF extraction),Yes,No,https://ntrs.nasa.gov/api/citations/20190002705/downloads/20190002705.pdf,Primary (NASA Technical Memorandum)
2010,1 kg,TISat 1 SUPSI-DTI Switzerland,Unknown,"Successfully placed into orbit for several years. However, no data appears to have been received from the Atomic Oxygen Measurement (AOM) apparatus. Beacon transmissions received with the help of ham radio operators.",Unknown (table column lost in PDF extraction),No,No,https://ntrs.nasa.gov/api/citations/20190002705/downloads/20190002705.pdf,Primary (NASA Technical Memorandum)
2010,20 kg,UNITEC-1 University Space Engineering Consortium,Japan,"Contact lost shortly after launch, but received intermittently later, then finally lost.",Unknown (table column lost in PDF extraction),No,No,https://ntrs.nasa.gov/api/citations/20190002705/downloads/20190002705.pdf,Primary (NASA Technical Memorandum)
2011,1 kg,E1P-2 / HRBE Montana State University,Unknown,Two of the three satellites thought to be accidentally conjoined by their antennae. Some objectives of mission were accomplished.,Unknown (table column lost in PDF extraction),No,No,https://ntrs.nasa.gov/api/citations/20190002705/downloads/20190002705.pdf,Primary (NASA Technical Memorandum)
2011,10 kg,EDUSAT,Unknown,"Presumed mission failure. Many papers written in years GAUSS, Rome preceding launch, but no papers or articles were written post launch.",Unknown (table column lost in PDF extraction),No,Yes,https://ntrs.nasa.gov/api/citations/20190002705/downloads/20190002705.pdf,Primary (NASA Technical Memorandum)
2011,1U,Explorer-1 Prime Montana State University,Unknown,Satellite thought to be magnetically conjoined to other small satellite on deployment.,Unknown (table column lost in PDF extraction),No,No,https://ntrs.nasa.gov/api/citations/20190002705/downloads/20190002705.pdf,Primary (NASA Technical Memorandum)
2011,52 kg,FalconSat-4 US Air Force Academy Initial contact lost for several weeks,Unknown,"After a year and a half, the satellite was stabilized with gravity boom. Magnetorquers and magnetometers interferred with each other. Payload inoperative. Non-working sun sensors. Improper time- stamping of telemetry data.",Unknown (table column lost in PDF extraction),No,No,https://ntrs.nasa.gov/api/citations/20190002705/downloads/20190002705.pdf,Primary (NASA Technical Memorandum)
2011,4 kg,Jugnu Indian Institute of Technology,Unknown,"Presumed mission failure. Many papers written in years preceding launch, but no papers or articles were written post launch.",Unknown (table column lost in PDF extraction),No,Yes,https://ntrs.nasa.gov/api/citations/20190002705/downloads/20190002705.pdf,Primary (NASA Technical Memorandum)
2011,1 kg,M3 / M-Cubed University of Michigan There was no separation between the two CubeSats MCubed and HRBE (Hiscock Radiation Belt Explorer) after on-orbit deployment,Unknown,The single permanent magnet of the CubeSat used as a passive earth-alignment control system likely stuck the satellite together.,Unknown (table column lost in PDF extraction),No,No,https://ntrs.nasa.gov/api/citations/20190002705/downloads/20190002705.pdf,Primary (NASA Technical Memorandum)
2011,3.7 kg,PSSCT-2,Unknown,"The Aerospace Corporation Troubleshooting RF- interference problems with the satellite’s secondary radio system and testing attitude control algorithms on-orbit with a single ground station consumed most of the mission time. The communication link was degraded by terrestrial radio frequency interference and non-optimum satellite orientation, making in-flight re-programming difficult. Three solid rocket motors carried on the satellite failed to ignite.",Unknown (table column lost in PDF extraction),No,No,https://ntrs.nasa.gov/api/citations/20190002705/downloads/20190002705.pdf,Primary (NASA Technical Memorandum)
2011,3U,RAX-2 University of Michigan SD card used by main computer f,Unknown,RAX-2 University of Michigan SD card used by main computer failed during mission. MHX and UHF radios also failed near the end of the mission.,Unknown (table column lost in PDF extraction),No,No,https://ntrs.nasa.gov/api/citations/20190002705/downloads/20190002705.pdf,Primary (NASA Technical Memorandum)
2011,169 kg,Sich 2 Yuzhnoye,NKAU Battery failure caused satellite to st,"Sich 2 Yuzhnoye, NKAU Battery failure caused satellite to stop operating after 1 year of planned 5 year remote Earth sensing mission.",Unknown (table column lost in PDF extraction),No,No,https://ntrs.nasa.gov/api/citations/20190002705/downloads/20190002705.pdf,Primary (NASA Technical Memorandum)
2011,11 kg,SRMSAT SRM University,India Probable mission failure,"Successfully placed into orbit to monitor greenhouse gases, but, complaints found on web asking why no data was made available.",Unknown (table column lost in PDF extraction),No,No,https://ntrs.nasa.gov/api/citations/20190002705/downloads/20190002705.pdf,Primary (NASA Technical Memorandum)
2012,1 kg,AeroCube-4A,Unknown,"The Aerospace Corporation Despite having reaction wheels and torque coils, the satellite could not be made to stop tumbling. Contact lost after wing-close command issued. (Note: AeroCubes 4B and 4C launched with 4A were successful.)",Unknown (table column lost in PDF extraction),No,No,https://ntrs.nasa.gov/api/citations/20190002705/downloads/20190002705.pdf,Primary (NASA Technical Memorandum)
2012,12 kg,ALMASat-1 University of Bologna,Italy A few days into opera,"ALMASat-1 University of Bologna, Italy A few days into operation, contact lost due to suspected power failure.",Unknown (table column lost in PDF extraction),No,No,https://ntrs.nasa.gov/api/citations/20190002705/downloads/20190002705.pdf,Primary (NASA Technical Memorandum)
2012,3U,CINEMA-1 University of California,"Berkeley, Imperial Colleg","CINEMA-1 University of California, Berkeley, Imperial College London, Kyung Hee University, and NASA Ames Research Center. Command uplink issue caused by interference between the UHF receiver onboard and other spacecraft systems. Partially solved by increasing the antenna gain used on the ground station. Also experienced lockup of the primary data storage SD card.",Partial (stated in text),No,No,https://ntrs.nasa.gov/api/citations/20190002705/downloads/20190002705.pdf,Primary (NASA Technical Memorandum)
2012,1 kg,CP5 Cal Poly Picosatellite Project,Unknown,"Presumed mission failure. Many papers written in years preceding launch, but no papers or articles were written post launch.",Unknown (table column lost in PDF extraction),No,Yes,https://ntrs.nasa.gov/api/citations/20190002705/downloads/20190002705.pdf,Primary (NASA Technical Memorandum)
2012,3U,CSSWE,Unknown,"Communication with the satellite was lost 6 months University of Colorado, Boulder, CO after commissioning due to a latch up event in the radio. Fortunately, a battery draining anomaly 3 months later caused the entire system to power cycle. This cleared the latch up in the radio and communications were reestablished.",Unknown (table column lost in PDF extraction),No,No,https://ntrs.nasa.gov/api/citations/20190002705/downloads/20190002705.pdf,Primary (NASA Technical Memorandum)
2012,2.6 kg,CXBN Morehead State University,KY,The SNR (Signal-to-Noise Ratio) was too low on most passes to allow the project to download a significant amount of data.,Unknown (table column lost in PDF extraction),No,No,https://ntrs.nasa.gov/api/citations/20190002705/downloads/20190002705.pdf,Primary (NASA Technical Memorandum)
2012,1U,E-ST@R Politecnico di Torino,Italy Mission terminated by un,"E-ST@R Politecnico di Torino, Italy Mission terminated by unexpected, uncontrollable tumbling of the satellite.",Unknown (table column lost in PDF extraction),No,No,https://ntrs.nasa.gov/api/citations/20190002705/downloads/20190002705.pdf,Primary (NASA Technical Memorandum)
2012,1 kg,F-1 FPT Technology Research Institute,"Hanoi, Vietnam","Successfully deployed from the ISS, but no signal were received.",Unknown (table column lost in PDF extraction),Yes,No,https://ntrs.nasa.gov/api/citations/20190002705/downloads/20190002705.pdf,Primary (NASA Technical Memorandum)
2012,1.3 kg,GOLIAT Bucharest University and Bucharest Polytechnic University sponsored by the Romanian Space Agency (ROSA),Unknown,The satellite could not be stabilized in orbit.,Unknown (table column lost in PDF extraction),No,No,https://ntrs.nasa.gov/api/citations/20190002705/downloads/20190002705.pdf,Primary (NASA Technical Memorandum)
2012,7.1 kg,HORYU-2 Kyushu Institute of Technology (KIT),"Fukuoka, Japan","The HORYU-2 nanosatellite suffered an anomaly due to a single event latchup event for one month, during which no experimentation could be done. It is believed a single event latch-up (SEL) due to radiation was the most probable cause for both microprocessors.",Unknown (table column lost in PDF extraction),No,No,https://ntrs.nasa.gov/api/citations/20190002705/downloads/20190002705.pdf,Primary (NASA Technical Memorandum)
2012,160 kg,30 kg HummerSat 1 and 1A SAST,China Intended to demonstrate,"30 kg HummerSat 1 and 1A SAST, China Intended to demonstrate formation flying, but daughter satellite did not deploy from mother satellite.",Unknown (table column lost in PDF extraction),No,No,https://ntrs.nasa.gov/api/citations/20190002705/downloads/20190002705.pdf,Primary (NASA Technical Memorandum)
2012,15 kg,PROITERES Could not respond to any ground commands due to a,Unknown,"PROITERES Could not respond to any ground commands due to a Osaka Institute of Technology, Japan design error in the flight computer boot loop.",Unknown (table column lost in PDF extraction),No,No,https://ntrs.nasa.gov/api/citations/20190002705/downloads/20190002705.pdf,Primary (NASA Technical Memorandum)
2012,1U,PW-Sat Warsaw University of Technology,Unknown,"The PW-Sat CubeSat’s power consumption was higher than expected. Mission turned silent on Dec. 23, 2012 due to power budget problems after a few months of operation.",Unknown (table column lost in PDF extraction),No,No,https://ntrs.nasa.gov/api/citations/20190002705/downloads/20190002705.pdf,Primary (NASA Technical Memorandum)
2012,30 kg,ROBUSTA CNES,Unknown,"The Robusta satellite emitted a weak signal at the beginning of the mission, then failed. A fabrication defect prevented the CubeSat’s batteries from being charged.",Unknown (table column lost in PDF extraction),No,No,https://ntrs.nasa.gov/api/citations/20190002705/downloads/20190002705.pdf,Primary (NASA Technical Memorandum)
2012,4 kg,STARE-A Lawrence Livermore National Laboratory,Unknown,Communication issues prevented any operations to be performed.,Unknown (table column lost in PDF extraction),No,No,https://ntrs.nasa.gov/api/citations/20190002705/downloads/20190002705.pdf,Primary (NASA Technical Memorandum)
2012,120 kg,TET-1 DLR,Unknown,"The temperature within the satellite was higher than predicted, causing the battery voltage to be slightly exceeded. Re-orienting the attitude of the satellite remedied this problem.",Unknown (table column lost in PDF extraction),No,No,https://ntrs.nasa.gov/api/citations/20190002705/downloads/20190002705.pdf,Primary (NASA Technical Memorandum)
2012,1U,UniCubeSat-GG University of Rome,Unknown,"After launch, the CubeSat began tumbling very rapidly, preventing communications from being established.",Unknown (table column lost in PDF extraction),No,No,https://ntrs.nasa.gov/api/citations/20190002705/downloads/20190002705.pdf,Primary (NASA Technical Memorandum)
2012,1U,WE WISH Meisei Electric Co.,Japan,"Successfully deployed from the ISS, but no signal were received.",Unknown (table column lost in PDF extraction),Yes,No,https://ntrs.nasa.gov/api/citations/20190002705/downloads/20190002705.pdf,Primary (NASA Technical Memorandum)
2012,1U,Xatcobeo University of Vigo and the National Institute for A,Unknown,"Xatcobeo University of Vigo and the National Institute for Aerospace Technology, Madrid, Spain. Operations were disturbed by unexpected tumbling.",Unknown (table column lost in PDF extraction),No,No,https://ntrs.nasa.gov/api/citations/20190002705/downloads/20190002705.pdf,Primary (NASA Technical Memorandum)
2012,156 kg,Zond-PP Lavochkin Roskosmos,Russia Mission loss due to undi,"Zond-PP Lavochkin Roskosmos, Russia Mission loss due to undisclosed software failure in orbit.",Unknown (table column lost in PDF extraction),No,No,https://ntrs.nasa.gov/api/citations/20190002705/downloads/20190002705.pdf,Primary (NASA Technical Memorandum)
2013,1 kg,ArduSat 1 and X Primary mission was to provide a bank of Arduino processors on which students could run code,Unknown,No reports of any student doing this are found in the literature nor on the Arduino web page.,Unknown (table column lost in PDF extraction),No,No,https://ntrs.nasa.gov/api/citations/20190002705/downloads/20190002705.pdf,Primary (NASA Technical Memorandum)
2013,1 kg,BeeSat-3 Technical University,Berlin,"Satellite deployed into orbit, but no signals were received.",Unknown (table column lost in PDF extraction),Yes,No,https://ntrs.nasa.gov/api/citations/20190002705/downloads/20190002705.pdf,Primary (NASA Technical Memorandum)
2013,1 kg,Black Knight 1 (BK 1) West Point Military Academy,Unknown,"Satellite deployed into orbit, but no signals were received.",Unknown (table column lost in PDF extraction),Yes,No,https://ntrs.nasa.gov/api/citations/20190002705/downloads/20190002705.pdf,Primary (NASA Technical Memorandum)
2013,1 kg,CAPE 2 University of Louisiana,Unknown,"Presumed mission failure. Many papers written in years preceding launch, but no papers or articles were written post launch.",Unknown (table column lost in PDF extraction),No,Yes,https://ntrs.nasa.gov/api/citations/20190002705/downloads/20190002705.pdf,Primary (NASA Technical Memorandum)
2013,1U,ChargerSat-1 University of Alabama,Unknown,"Satellite deployed into orbit, but no signals were received.",Unknown (table column lost in PDF extraction),Yes,No,https://ntrs.nasa.gov/api/citations/20190002705/downloads/20190002705.pdf,Primary (NASA Technical Memorandum)
2013,3U,CINEMA-2 University of California,"Berkeley, Imperial College London, Kyung Hee University, and NASA Ames Research Center","Satellite deployed into orbit, but no signals were received.",Unknown (table column lost in PDF extraction),Yes,No,https://ntrs.nasa.gov/api/citations/20190002705/downloads/20190002705.pdf,Primary (NASA Technical Memorandum)
2013,3U,CINEMA-3 University of California,"Berkeley, Imperial College London, Kyung Hee University, and NASA Ames Research Center","Satellite deployed into orbit, but no signals were received.",Unknown (table column lost in PDF extraction),Yes,No,https://ntrs.nasa.gov/api/citations/20190002705/downloads/20190002705.pdf,Primary (NASA Technical Memorandum)
2013,2 kg,Cubebug-1,Unknown,Presumed mission failure. May have been hit by space debris from Soviet rocket booster. No papers or articles were written post launch.,Unknown (table column lost in PDF extraction),No,Yes,https://ntrs.nasa.gov/api/citations/20190002705/downloads/20190002705.pdf,Primary (NASA Technical Memorandum)
2013,25 kg,CUSat (Nanosat 4) Cornell University As a package of two,"identical satellites launched together, one was supposed to inspect the other in orbit","One satellite was damaged during testing. Test plan for remaining satellite re-scoped, but no mission results reported.",Unknown (table column lost in PDF extraction),No,No,https://ntrs.nasa.gov/api/citations/20190002705/downloads/20190002705.pdf,Primary (NASA Technical Memorandum)
2013,1.3U,COPPER Space Systems Research Laboratory,Unknown,"Satellite deployed into orbit, but no signals were received.",Unknown (table column lost in PDF extraction),Yes,No,https://ntrs.nasa.gov/api/citations/20190002705/downloads/20190002705.pdf,Primary (NASA Technical Memorandum)
2013,50 kg,DANDE University of Colorado,Boulder,Communication was lost after two months before drag experiment could be completed.,Unknown (table column lost in PDF extraction),No,No,https://ntrs.nasa.gov/api/citations/20190002705/downloads/20190002705.pdf,Primary (NASA Technical Memorandum)
2013,5.8 kg,DOVE-1,DOVE-2 Planet Labs DOVE-1 mission ended after six da,"DOVE-1, DOVE-2 Planet Labs DOVE-1 mission ended after six days due to deploying in too low an orbit.",Unknown (table column lost in PDF extraction),No,No,https://ntrs.nasa.gov/api/citations/20190002705/downloads/20190002705.pdf,Primary (NASA Technical Memorandum)
2013,1 kg,DragonSat 1 Drexel University and US Naval Academy,Unknown,"Satellite deployed into orbit, but no signals were received.",Unknown (table column lost in PDF extraction),Yes,No,https://ntrs.nasa.gov/api/citations/20190002705/downloads/20190002705.pdf,Primary (NASA Technical Memorandum)
2013,1U,ESTCube-1 University of Tartu,Estonia,"The primary mission was to deploy a tether to see if it would act as a space sail when charged. The team was able to successfully control the attitude of the satellite, but before the tether could be deployed, problems with solar panel degradation and electromagnetic disturbances inside the satellite prevented the tether from being extended.",Unknown (table column lost in PDF extraction),No,No,https://ntrs.nasa.gov/api/citations/20190002705/downloads/20190002705.pdf,Primary (NASA Technical Memorandum)
2013,2U,GOMX-1 Aalborg University,Denmark,"The satellite residual dipole moment was much higher than anticipated and caused 3- axis control mode problems. The satellite could only achieve two-axis stabilization, meaning that the antenna did not always point downward. Magnetization of the helix antenna was likely root cause.",Unknown (table column lost in PDF extraction),No,No,https://ntrs.nasa.gov/api/citations/20190002705/downloads/20190002705.pdf,Primary (NASA Technical Memorandum)
2013,1U,HiNCube Høgskolen i Narvik (HiN),Unknown,"Satellite deployed into orbit, but no signals were received.",Unknown (table column lost in PDF extraction),Yes,No,https://ntrs.nasa.gov/api/citations/20190002705/downloads/20190002705.pdf,Primary (NASA Technical Memorandum)
2013,3.5 kg,Ho’oponopono 2 University of Hawaii and USAF,Unknown,"Satellite deployed into orbit, but no signals were received.",Unknown (table column lost in PDF extraction),Yes,No,https://ntrs.nasa.gov/api/citations/20190002705/downloads/20190002705.pdf,Primary (NASA Technical Memorandum)
2013,1U,ICube-1 Institute of Space Technology,"Islamabad, Pakistan","Satellite deployed into orbit, but no signals were received.",Unknown (table column lost in PDF extraction),Yes,No,https://ntrs.nasa.gov/api/citations/20190002705/downloads/20190002705.pdf,Primary (NASA Technical Memorandum)
2013,1U,KySat-2 Kentucky Space Consortium,Unknown,"Two months after deployment, KySat-2 encountered a radiation- induced latchup that drained the batteries. The loss of power caused a reset of the C&DH and radio every hour. This ended the nominal operation of the satellite.",Unknown (table column lost in PDF extraction),No,No,https://ntrs.nasa.gov/api/citations/20190002705/downloads/20190002705.pdf,Primary (NASA Technical Memorandum)
2013,1U,NEE-01 Pegasus Ecuadorian Civilian Space Agency Experienced uncontrolled rotation due to the collision with debris in orbit,Unknown,"The satellite could not point its antenna correctly, making the signal undecipherable.",Unknown (table column lost in PDF extraction),No,No,https://ntrs.nasa.gov/api/citations/20190002705/downloads/20190002705.pdf,Primary (NASA Technical Memorandum)
2013,72 kg,NEOS Sat CSA Computer algorithms controlling the fine pointing of the cameras to find space debris had problems,Unknown,The uploading of software fixes were not successful.,Unknown (table column lost in PDF extraction),No,No,https://ntrs.nasa.gov/api/citations/20190002705/downloads/20190002705.pdf,Primary (NASA Technical Memorandum)
2013,1 kg,NPS-SCAT Naval Postgraduate School,Unknown,"Presumed mission failure. Many papers written in years preceding launch, but no papers or articles were written post launch.",Unknown (table column lost in PDF extraction),No,Yes,https://ntrs.nasa.gov/api/citations/20190002705/downloads/20190002705.pdf,Primary (NASA Technical Memorandum)
2013,4 kg,ORSES US Army SMDC,Unknown,"Satellite deployed successfully, but general system failures prevented operational success.",Unknown (table column lost in PDF extraction),No,No,https://ntrs.nasa.gov/api/citations/20190002705/downloads/20190002705.pdf,Primary (NASA Technical Memorandum)
2013,1U,OSSI 1,Unknown,"Satellite deployed into orbit, but no signals were received. Open Source Satellite Initiative, South Korea",Unknown (table column lost in PDF extraction),Yes,No,https://ntrs.nasa.gov/api/citations/20190002705/downloads/20190002705.pdf,Primary (NASA Technical Memorandum)
2013,1U,PicoDragon Vietnam National,Unknown,"Satellite Center Presumed mission failure. Many papers written in years preceding launch, but no papers or articles were written post launch.",Unknown (table column lost in PDF extraction),No,Yes,https://ntrs.nasa.gov/api/citations/20190002705/downloads/20190002705.pdf,Primary (NASA Technical Memorandum)
2013,3U,SENSE SV-1 US Air Force Bi-fold solar array failed to comple,Unknown,"SENSE SV-1 US Air Force Bi-fold solar array failed to completely deploy after launch. Vehicle somewhat stabilized after six months, but continued to tumble.",Unknown (table column lost in PDF extraction),No,No,https://ntrs.nasa.gov/api/citations/20190002705/downloads/20190002705.pdf,Primary (NASA Technical Memorandum)
2013,3U,SENSE SV-2 US Air Force Bi-fold and tri-fold solar arrays fa,Unknown,SENSE SV-2 US Air Force Bi-fold and tri-fold solar arrays failed to deploy as planned 30 minutes after launch. Spacecraft tumbling due to control system unable to control the partially deployed configuration.,Partial (stated in text),No,No,https://ntrs.nasa.gov/api/citations/20190002705/downloads/20190002705.pdf,Primary (NASA Technical Memorandum)
2013,1 kg,SOMP Techniche Universitat Dresden Placed into orbit,but th,"SOMP Techniche Universitat Dresden Placed into orbit, but there are no reports about the satellites ability to measure oxygen in the upper atmosphere.",Unknown (table column lost in PDF extraction),No,No,https://ntrs.nasa.gov/api/citations/20190002705/downloads/20190002705.pdf,Primary (NASA Technical Memorandum)
2013,4 kg,STARE-B Lawrence Livermore National Laboratory,Unknown,"Successfully deployed into orbit, but no signals were received.",Unknown (table column lost in PDF extraction),Yes,No,https://ntrs.nasa.gov/api/citations/20190002705/downloads/20190002705.pdf,Primary (NASA Technical Memorandum)
2013,3U,STRaND-1 Surrey,Unknown,"Satellite Technology Limited and the University of Surrey Space Centre, UK. A geomagnetic storm cause the satellite to stop operation 27 days into the mission.",Unknown (table column lost in PDF extraction),No,No,https://ntrs.nasa.gov/api/citations/20190002705/downloads/20190002705.pdf,Primary (NASA Technical Memorandum)
2013,1U,SwampSat University of Florida,Unknown,"Satellite deployed into orbit, but no signals were received.",Unknown (table column lost in PDF extraction),Yes,No,https://ntrs.nasa.gov/api/citations/20190002705/downloads/20190002705.pdf,Primary (NASA Technical Memorandum)
2013,1U,TJ3Sat Thomas Jefferson High School,"Alexandria, Virginia","Satellite deployed into orbit, but no signals were received.",Unknown (table column lost in PDF extraction),Yes,No,https://ntrs.nasa.gov/api/citations/20190002705/downloads/20190002705.pdf,Primary (NASA Technical Memorandum)
2013,1U,Trailblazer 1 (SPA-1 Trailblazer) COSMIAC at University of New Mexico,Unknown,"Satellite deployed into orbit, but no signals were received.",Unknown (table column lost in PDF extraction),Yes,No,https://ntrs.nasa.gov/api/citations/20190002705/downloads/20190002705.pdf,Primary (NASA Technical Memorandum)
2013,3U,TurkSat-3USat Istanbul Technical University,Turkey TurkSat-,"TurkSat-3USat Istanbul Technical University, Turkey TurkSat-3USAT transmitted signals for one day, and then turned silent.",Unknown (table column lost in PDF extraction),No,No,https://ntrs.nasa.gov/api/citations/20190002705/downloads/20190002705.pdf,Primary (NASA Technical Memorandum)
2014,59 kg,PROCYON JAXA,Japan Planned asteroid flyby missions could no,"PROCYON JAXA, Japan Planned asteroid flyby missions could not be performed due to partial failure of ion thrusters.",Partial (stated in text),No,No,https://ntrs.nasa.gov/api/citations/20190002705/downloads/20190002705.pdf,Primary (NASA Technical Memorandum)
2014,4 kg,ALL-STAR/THEIA Colorado Space Grant Consortium (CoSGC) and Lockheed Martin,Unknown,"Satellite deployed into orbit, but no signals were received.",Unknown (table column lost in PDF extraction),Yes,No,https://ntrs.nasa.gov/api/citations/20190002705/downloads/20190002705.pdf,Primary (NASA Technical Memorandum)
2014,2 kg,ArduSat 2 NanoSatisfi Inc. Deployed from space shuttle succe,Unknown,"ArduSat 2 NanoSatisfi Inc. Deployed from space shuttle successfully, but no signals were received.",Unknown (table column lost in PDF extraction),Yes,No,https://ntrs.nasa.gov/api/citations/20190002705/downloads/20190002705.pdf,Primary (NASA Technical Memorandum)
2014,10 kg,BRITE-CA 2 (CanX 3F) University of Toronto,Canada,"Failed to separate from the Dnepr launch vehicle. 2014 1 U CHASQUI-1 SWSU, Peru Satellite deployed into orbit from ISS, but no signals were received.",Unknown (table column lost in PDF extraction),Yes,No,https://ntrs.nasa.gov/api/citations/20190002705/downloads/20190002705.pdf,Primary (NASA Technical Memorandum)
2014,50 kg,ChubuSat 1 Nagoya University consortium,Japan Although sate,"ChubuSat 1 Nagoya University consortium, Japan Although satellite was launched into orbit and beacon signal was received, the satellite could not be commanded to take any pictures of Earth or space debris as intended.",Unknown (table column lost in PDF extraction),No,No,https://ntrs.nasa.gov/api/citations/20190002705/downloads/20190002705.pdf,Primary (NASA Technical Memorandum)
2014,27 kg,DX 1 Dauria Aerospace,Unknown,"Presumed mission failure. Many papers written in years preceding launch, but no papers or articles were written post launch.",Unknown (table column lost in PDF extraction),No,Yes,https://ntrs.nasa.gov/api/citations/20190002705/downloads/20190002705.pdf,Primary (NASA Technical Memorandum)
2014,110 kg,Flying Laptop,Unknown,"Satellite placed into orbit, but no data received. Institute of Space Systems (IRS), University of Stuttgart. 2014 1.5 U Invader (ArtSat 1) Tama Art University Presumed mission failure. Many papers written in years preceding launch, but no papers or articles were written post launch.",Unknown (table column lost in PDF extraction),No,Yes,https://ntrs.nasa.gov/api/citations/20190002705/downloads/20190002705.pdf,Primary (NASA Technical Memorandum)
2014,1U,ITF 1 University of Tsukuba,Japan,"Satellite deployed into orbit, but no signals were received.",Unknown (table column lost in PDF extraction),Yes,No,https://ntrs.nasa.gov/api/citations/20190002705/downloads/20190002705.pdf,Primary (NASA Technical Memorandum)
2014,3U,+ sprites KickSat Cornell University,Unknown,The 104 Sprite femtosatellites were not released due to the release timer being accidentally reset by the watchdog processor.,Unknown (table column lost in PDF extraction),No,No,https://ntrs.nasa.gov/api/citations/20190002705/downloads/20190002705.pdf,Primary (NASA Technical Memorandum)
2014,1.5 kg,KSAT 2,Unknown,"Presumed mission failure. Many papers written in years preceding launch, but no papers or articles were written post launch.",Unknown (table column lost in PDF extraction),No,Yes,https://ntrs.nasa.gov/api/citations/20190002705/downloads/20190002705.pdf,Primary (NASA Technical Memorandum)
2014,3U,LambdaSat Lambda Student Team at San Jose State University,Unknown,"Satellite deployed into orbit, but no signals were received.",Unknown (table column lost in PDF extraction),Yes,No,https://ntrs.nasa.gov/api/citations/20190002705/downloads/20190002705.pdf,Primary (NASA Technical Memorandum)
2014,1U,Lituanica-Sat 1 Innovative Engineering Projects,"Jonava, Lithuania",Satellite released from ISS and began to experience battery power loss due to negative power budget. EPS prevented critical failure. Camera took some pictures of Earth.,Unknown (table column lost in PDF extraction),No,No,https://ntrs.nasa.gov/api/citations/20190002705/downloads/20190002705.pdf,Primary (NASA Technical Memorandum)
2014,3U,MicroMAS-1 Massachusetts Institute of Technology/Lincoln Lab,Unknown,MicroMAS-1 Massachusetts Institute of Technology/Lincoln Laboratory Deployed from ISS but a transmitter fault prevented any data from being downloaded.,Unknown (table column lost in PDF extraction),No,No,https://ntrs.nasa.gov/api/citations/20190002705/downloads/20190002705.pdf,Primary (NASA Technical Memorandum)
2014,1U,NanoSatC-Br1 CRS/CCR/INPE-MCT,Brazil Experienced low voltage problems,"3 months into mission. Battery failed after 5 months, but four months of useful data obtained.",Unknown (table column lost in PDF extraction),No,No,https://ntrs.nasa.gov/api/citations/20190002705/downloads/20190002705.pdf,Primary (NASA Technical Memorandum)
2014,1.4 kg,OPUSAT Osaka Prefecture University,Unknown,Presumed mission failure. No papers describing test data published after launch.,Unknown (table column lost in PDF extraction),No,Yes,https://ntrs.nasa.gov/api/citations/20190002705/downloads/20190002705.pdf,Primary (NASA Technical Memorandum)
2014,2 kg,PACE National Cheng Kung University,Unknown,"Satellite deployed into orbit, but no signals were received.",Unknown (table column lost in PDF extraction),Yes,No,https://ntrs.nasa.gov/api/citations/20190002705/downloads/20190002705.pdf,Primary (NASA Technical Memorandum)
2014,1U,PhoneSat 2.4 NASA Ames Research Center Solar flares cause so,Unknown,PhoneSat 2.4 NASA Ames Research Center Solar flares cause software to reset multiple times and eventually to fail.,Unknown (table column lost in PDF extraction),No,No,https://ntrs.nasa.gov/api/citations/20190002705/downloads/20190002705.pdf,Primary (NASA Technical Memorandum)
2014,1U,PhoneSat 2.5 NASA Ames Research Center Placed into orbit on,Unknown,"PhoneSat 2.5 NASA Ames Research Center Placed into orbit on Minotaur rocket, but no reported results or publications.",Unknown (table column lost in PDF extraction),No,No,https://ntrs.nasa.gov/api/citations/20190002705/downloads/20190002705.pdf,Primary (NASA Technical Memorandum)
2014,250 kg,Relek Lavochkin (Russia) Although planned to have a 3- year life,the satellite ceased communication with the ground station after,5 months.,Unknown (table column lost in PDF extraction),No,No,https://ntrs.nasa.gov/api/citations/20190002705/downloads/20190002705.pdf,Primary (NASA Technical Memorandum)
2014,15 kg,Shin’en Kagoshima University,Unknown,"Presumed mission failure. Many papers written in years preceding launch, but no papers or articles were written post launch.",Unknown (table column lost in PDF extraction),No,Yes,https://ntrs.nasa.gov/api/citations/20190002705/downloads/20190002705.pdf,Primary (NASA Technical Memorandum)
2014,35 kg,ShindaiSat Shinshu University,Japan Infrequent operation of,"ShindaiSat Shinshu University, Japan Infrequent operation of the optical transmitter impaired demonstration of the technology.",Unknown (table column lost in PDF extraction),No,No,https://ntrs.nasa.gov/api/citations/20190002705/downloads/20190002705.pdf,Primary (NASA Technical Memorandum)
2014,1U,SkyCube Southern Stars Group LLC,Unknown,"Successfully deployed from ISS, but no signals were received.",Unknown (table column lost in PDF extraction),Yes,No,https://ntrs.nasa.gov/api/citations/20190002705/downloads/20190002705.pdf,Primary (NASA Technical Memorandum)
2014,5 kg,SporeSat NASA Ames Research Center Placed into orbit but no,Unknown,SporeSat NASA Ames Research Center Placed into orbit but no data collected due to possible failure of life support systems.,Unknown (table column lost in PDF extraction),No,No,https://ntrs.nasa.gov/api/citations/20190002705/downloads/20190002705.pdf,Primary (NASA Technical Memorandum)
2014,7.1 kg,SPROUT Nihon University,Japan,No data received.,Unknown (table column lost in PDF extraction),No,No,https://ntrs.nasa.gov/api/citations/20190002705/downloads/20190002705.pdf,Primary (NASA Technical Memorandum)
2014,5 kg,4 kg STARS 2 Kagawa University and Takamatsu National Colleg,Unknown,"4 kg STARS 2 Kagawa University and Takamatsu National College of Technology, Japan. Mother-daughter tethered satellite experiment conducted before daughter and mother satellites became unstable due to electrical power shortage caused by solar paddle extension failure.",Unknown (table column lost in PDF extraction),No,No,https://ntrs.nasa.gov/api/citations/20190002705/downloads/20190002705.pdf,Primary (NASA Technical Memorandum)
2014,20 kg,TeikyoSat-3,Unknown,"No signals received from spacecraft. Teikyo University, Tochigi, Japan",Unknown (table column lost in PDF extraction),Yes,No,https://ntrs.nasa.gov/api/citations/20190002705/downloads/20190002705.pdf,Primary (NASA Technical Memorandum)
2014,3 kg,TigriSat La Sapienza University of Rome,Unknown,"Presumed mission failure. Many papers written in years preceding launch, but no papers or articles were written post launch.",Unknown (table column lost in PDF extraction),No,Yes,https://ntrs.nasa.gov/api/citations/20190002705/downloads/20190002705.pdf,Primary (NASA Technical Memorandum)
2014,49 kg,TSUBAME Tokyo Institute of Technology,Japan Stopped receiving uplink commands during the initial checkout phase,Failed communication circuit suspected.,Unknown (table column lost in PDF extraction),No,No,https://ntrs.nasa.gov/api/citations/20190002705/downloads/20190002705.pdf,Primary (NASA Technical Memorandum)
2014,1U,UAPSat 1 Universidad Alas Peruanas,Peru Deployed from nanor,"UAPSat 1 Universidad Alas Peruanas, Peru Deployed from nanorack deployer on ISS, but no signal received.",Unknown (table column lost in PDF extraction),Yes,No,https://ntrs.nasa.gov/api/citations/20190002705/downloads/20190002705.pdf,Primary (NASA Technical Memorandum)
2014,4.3 kg,VELOX-1,"VELOX P3 Nanyang Technological University, Singapore Ground contact established successfully","The satellite was detumbled was placed in sun pointing mode. All deployment mechanisms successfully activated including the solar panels, antennas, and optics. However intersatellite communication and Earth observation not successful.",Unknown (table column lost in PDF extraction),No,No,https://ntrs.nasa.gov/api/citations/20190002705/downloads/20190002705.pdf,Primary (NASA Technical Memorandum)
2014,2 kg,ANTELSat FING,Uruguay,"Presumed mission failure. Many papers written in years preceding launch, but no papers or articles were written post launch.",Unknown (table column lost in PDF extraction),No,Yes,https://ntrs.nasa.gov/api/citations/20190002705/downloads/20190002705.pdf,Primary (NASA Technical Memorandum)
2015,1.5 kg,AeroCube-5,Unknown,"The Aerospace Corporation Presumed mission failure. Many papers written in years preceding launch, but no papers or articles were written post launch.",Unknown (table column lost in PDF extraction),No,Yes,https://ntrs.nasa.gov/api/citations/20190002705/downloads/20190002705.pdf,Primary (NASA Technical Memorandum)
2015,1 kg,AESP-14 ITA,INPE Brazil,"Satellite deployed from ISS, but no signals were received.",Unknown (table column lost in PDF extraction),Yes,No,https://ntrs.nasa.gov/api/citations/20190002705/downloads/20190002705.pdf,Primary (NASA Technical Memorandum)
2015,1 kg,ARC 1 University of Alaska,Fairbanks,"Satellite deployed into orbit, but no signals were received.",Unknown (table column lost in PDF extraction),Yes,No,https://ntrs.nasa.gov/api/citations/20190002705/downloads/20190002705.pdf,Primary (NASA Technical Memorandum)
2015,4 kg,Arkyd 3 Planetary Resources,Unknown,"Presumed mission failure. Successfully launched from ISS, but no papers or articles were written post launch.",Unknown (table column lost in PDF extraction),No,Yes,https://ntrs.nasa.gov/api/citations/20190002705/downloads/20190002705.pdf,Primary (NASA Technical Memorandum)
2015,1.9 kg,BRICSat-P US Naval Academy and George Washington University,Unknown,BRICSat-P US Naval Academy and George Washington University Issues with the power system prevented consistent communication from being established.,Unknown (table column lost in PDF extraction),No,No,https://ntrs.nasa.gov/api/citations/20190002705/downloads/20190002705.pdf,Primary (NASA Technical Memorandum)
2015,3U,CADRE University of Michigan and NRL,Unknown,"Successfully deployed from ISS, but no signals were received.",Unknown (table column lost in PDF extraction),Yes,No,https://ntrs.nasa.gov/api/citations/20190002705/downloads/20190002705.pdf,Primary (NASA Technical Memorandum)
2015,447 kg,DMC 3 3A and 3C Surrey,Unknown,Satellite Technology Ltd. Images of Earth could not be captured due to downlink failure on both of these satellites.,Unknown (table column lost in PDF extraction),No,No,https://ntrs.nasa.gov/api/citations/20190002705/downloads/20190002705.pdf,Primary (NASA Technical Memorandum)
2015,3U,DOS (DeOrbitSail) UK,"USA, France, Germany, South Africa, Greece, Turkey","The Netherlands High initial spin rate made satellite difficult to de- tumble, but eventually brought under control. Despite many attempts, the de-orbit sail could not be deployed.",Unknown (table column lost in PDF extraction),No,No,https://ntrs.nasa.gov/api/citations/20190002705/downloads/20190002705.pdf,Primary (NASA Technical Memorandum)
2015,3U,ExoCube California Polytechnic University,Unknown,Satellite transmitter power too low to be useful. Antenna failed to deploy.,Unknown (table column lost in PDF extraction),No,No,https://ntrs.nasa.gov/api/citations/20190002705/downloads/20190002705.pdf,Primary (NASA Technical Memorandum)
2015,5 kg,LMRSTSat Jet Propulsion Lab,Unknown,"Satellite deployed into orbit, but no signals were received.",Unknown (table column lost in PDF extraction),Yes,No,https://ntrs.nasa.gov/api/citations/20190002705/downloads/20190002705.pdf,Primary (NASA Technical Memorandum)
2015,3 kg,OCSD-A (AeroCube 7),Unknown,"The Aerospace Corporation Attitude control failure. Software upload to the attitude control processor rendered inoperative, which also controlled the downlink processor. Could not recover.",Unknown (table column lost in PDF extraction),No,No,https://ntrs.nasa.gov/api/citations/20190002705/downloads/20190002705.pdf,Primary (NASA Technical Memorandum)
2015,1 kg,PropCube 1 and 3 Naval Postgrad School,Unknown,"Presumed mission failure. Many papers written in years preceding launch, but no papers or articles were written post launch.",Unknown (table column lost in PDF extraction),No,Yes,https://ntrs.nasa.gov/api/citations/20190002705/downloads/20190002705.pdf,Primary (NASA Technical Memorandum)
2015,4 kg,S-CUBE (S3),Unknown,"Presumed mission failure. Many papers written in years PERC/Chitech, Tohoku University, Japan preceding launch, but no papers or articles were written post launch.",Unknown (table column lost in PDF extraction),No,Yes,https://ntrs.nasa.gov/api/citations/20190002705/downloads/20190002705.pdf,Primary (NASA Technical Memorandum)
2015,4 kg,SERPENS Brazilian University Consortium Probable mission failure,Unknown,"Satellite built and placed into orbit from ISS. Beacon received, but no technical papers describing data obtained can be found.",Unknown (table column lost in PDF extraction),No,No,https://ntrs.nasa.gov/api/citations/20190002705/downloads/20190002705.pdf,Primary (NASA Technical Memorandum)
2015,2 kg,"SINOD-D 1,2,3 SRI International",Unknown,"Presumed mission failure. Many papers written in years preceding launch, but no papers or articles were written post launch.",Unknown (table column lost in PDF extraction),No,Yes,https://ntrs.nasa.gov/api/citations/20190002705/downloads/20190002705.pdf,Primary (NASA Technical Memorandum)
2015,5 kg,SNaP 3 Alice unit US Army SMDC Alice cubesat failed to send,Unknown,SNaP 3 Alice unit US Army SMDC Alice cubesat failed to send telemetry data during the checkout period and could not be used. (Other two satellites successful and are listed in Appendix B.,Unknown (table column lost in PDF extraction),No,No,https://ntrs.nasa.gov/api/citations/20190002705/downloads/20190002705.pdf,Primary (NASA Technical Memorandum)
2015,1 kg,STMSat 1 St Thomas More Cathedral School,Unknown,"Successfully deployed into orbit, but no signals were received.",Unknown (table column lost in PDF extraction),Yes,No,https://ntrs.nasa.gov/api/citations/20190002705/downloads/20190002705.pdf,Primary (NASA Technical Memorandum)
2015,5 kg,USS Langley US Naval Academy,Unknown,"Presumed mission failure. Many papers written in years preceding launch, but no papers or articles were written post launch.",Unknown (table column lost in PDF extraction),No,Yes,https://ntrs.nasa.gov/api/citations/20190002705/downloads/20190002705.pdf,Primary (NASA Technical Memorandum)
2016,4 kg,AISat 1N Algerian Space Agency and the UK Space Agency,Unknown,"Presumed mission failure. Many papers written in years preceding launch, but no papers or articles were written post launch.",Unknown (table column lost in PDF extraction),No,Yes,https://ntrs.nasa.gov/api/citations/20190002705/downloads/20190002705.pdf,Primary (NASA Technical Memorandum)
2016,7 kg,3 CAT 2 Universidad Politecnica de Cataluna (UPC),Spain,"Presumed mission failure. Many papers written in years preceding launch, but no papers or articles were written post launch.",Unknown (table column lost in PDF extraction),No,Yes,https://ntrs.nasa.gov/api/citations/20190002705/downloads/20190002705.pdf,Primary (NASA Technical Memorandum)
2016,4 kg,EGG University of Tokyo,Unknown,"Presumed mission failure. Many papers written in years preceding launch, but no papers or articles were written post launch.",Unknown (table column lost in PDF extraction),No,Yes,https://ntrs.nasa.gov/api/citations/20190002705/downloads/20190002705.pdf,Primary (NASA Technical Memorandum)
2016,1U,E-ST@R 2 Politecnico di Torino,Italy,"Satellite deployed into orbit, but no signals were received.",Unknown (table column lost in PDF extraction),Yes,No,https://ntrs.nasa.gov/api/citations/20190002705/downloads/20190002705.pdf,Primary (NASA Technical Memorandum)
2016,3U,HARP NASA/ESTO,Unknown,"Presumed mission failure. Many papers written in years preceding launch, but no papers or articles were written post launch.",Unknown (table column lost in PDF extraction),No,Yes,https://ntrs.nasa.gov/api/citations/20190002705/downloads/20190002705.pdf,Primary (NASA Technical Memorandum)
2016,4kg,Lemur-2 13 SPIRE (USA),Unknown,Failed to deploy.,Unknown (table column lost in PDF extraction),No,No,https://ntrs.nasa.gov/api/citations/20190002705/downloads/20190002705.pdf,Primary (NASA Technical Memorandum)
2016,0.75 kg,OSNSAT Interorbital Systems,California,"Successfully launched from the ISS, but no papers or articles were written post launch.",Unknown (table column lost in PDF extraction),No,Yes,https://ntrs.nasa.gov/api/citations/20190002705/downloads/20190002705.pdf,Primary (NASA Technical Memorandum)
2016,5 kg,PISat Indian Space Research Organization,Unknown,"Presumed mission failure. Many papers written in years preceding launch, but no papers or articles were written post launch.",Unknown (table column lost in PDF extraction),No,Yes,https://ntrs.nasa.gov/api/citations/20190002705/downloads/20190002705.pdf,Primary (NASA Technical Memorandum)
2016,10 kg,Pratham Dept of Aerospace,IIT Bombay Ground station could n,"Pratham Dept of Aerospace, IIT Bombay Ground station could not receive satellite downlink, thereby preventing any measurement data from being acquired.",Unknown (table column lost in PDF extraction),No,No,https://ntrs.nasa.gov/api/citations/20190002705/downloads/20190002705.pdf,Primary (NASA Technical Memorandum)
2016,1.5 kg,SathyabamaSat Sathyabama University,"Chennai, India","Presumed mission failure. Many papers written in years preceding launch, but no papers or articles were written post launch.",Unknown (table column lost in PDF extraction),No,Yes,https://ntrs.nasa.gov/api/citations/20190002705/downloads/20190002705.pdf,Primary (NASA Technical Memorandum)
2016,1 kg,SWAYAM College of Engineering,Pune and Indian Space Research Organization (ISRO),"Presumed mission failure. Many papers written in years preceding launch, but no papers or articles were written post launch.",Unknown (table column lost in PDF extraction),No,Yes,https://ntrs.nasa.gov/api/citations/20190002705/downloads/20190002705.pdf,Primary (NASA Technical Memorandum)
2016,5 kg,Waseda-SAT3 Waseda University,Japan Waseda-SAT3 never trans,"Waseda-SAT3 Waseda University, Japan Waseda-SAT3 never transmitted any signals.",Unknown (table column lost in PDF extraction),No,No,https://ntrs.nasa.gov/api/citations/20190002705/downloads/20190002705.pdf,Primary (NASA Technical Memorandum)
